{"train_loss": [1.9582282304763794, 1.7185672521591187, 1.4495973587036133, 1.1354116201400757, 0.8950995206832886, 0.640795886516571, 0.5028110146522522, 0.35577628016471863, 0.2480129450559616, 0.19589069485664368, 0.14442294836044312, 0.0921231135725975, 0.07818656414747238, 0.05968187376856804, 0.05168452113866806, 0.0333978645503521, 0.028563981875777245, 0.01938878931105137, 0.01834946870803833, 0.01821417361497879, 0.016196580603718758, 0.012505728751420975, 0.011211850680410862, 0.008280077017843723, 0.010356459766626358, 0.008156810887157917, 0.007476113736629486, 0.01176399365067482, 0.006346981972455978, 0.004662428982555866, 0.005283372476696968, 0.005623060744255781, 0.005790347699075937, 0.009056080132722855, 0.009416398592293262, 0.0075448667630553246, 0.014692599885165691, 0.006979294121265411], "val_acc": [0.466, 0.62, 0.674, 0.728, 0.758, 0.778, 0.784, 0.786, 0.788, 0.788, 0.786, 0.784, 0.784, 0.778, 0.778, 0.782, 0.782, 0.788, 0.782, 0.782, 0.784, 0.784, 0.78, 0.786, 0.784, 0.782, 0.782, 0.782, 0.782, 0.784, 0.788, 0.786, 0.79, 0.79, 0.788, 0.788, 0.782, 0.786], "val_f1": [0.48460860810388884, 0.6217304178541406, 0.6698116925586008, 0.7144488762169756, 0.7413630781000232, 0.763673424328579, 0.7734534474921372, 0.7727381181354688, 0.7732114088683171, 0.7739152816247525, 0.7725620918505266, 0.7724827365766046, 0.7733951542263453, 0.7666100381200665, 0.7652622605806993, 0.769045004066896, 0.7682312826500216, 0.775876532131934, 0.7676800720129313, 0.7676024637864594, 0.7689628318477125, 0.7678760048805441, 0.7631304022896533, 0.7690457033108177, 0.7666717231417444, 0.7660621318332339, 0.7660621318332339, 0.7641198711474176, 0.7641198711474176, 0.7653990874908867, 0.7699025060024107, 0.7685322242009202, 0.7711008101437127, 0.7717882091523911, 0.7700899305381393, 0.7700899305381393, 0.7674524355797189, 0.7714865144951271]}